0;
Очень красиво! Как заказать? Хотела бы еще посмотреть сзади;1
Здравствуйте! Понравилось изделие, есть 54 размер? Как заказать?;1
Вот с другой стороны так т не увидела. Пожалуйста можно увидеть.;1
Доброе утро! 58размер дублёнки есть и цвета.;1
Спасибо, что пишите цену! 👍;0
Beautiful trousers;0
🔥 Стоимость и размеры?;1
Длину свитшота напишите пожалуйста;1
А в какую цену, джинсы как у вас?;1
Здравствуйте, мне тоже очень нравится ваши джинсы. Их можно будет купить.? Какая цена?;1
Вам очень идут эти джинсы🔥🔥🔥👏;0
Здравствуйте! А кофта сколько стоит? Голубая, 52 размер?;1
🔥🔥🔥🔥🔥;0
А джинсы какого размера;1
Как вам идут эти джинсы!;0
👍👍👍;0
Джинсы в наличии? Размер 52?;1
👏👌🇸🇰🍀;0
Здравствуйте. Какой у Вас Обхват бёдер?;1
Сколько стоят джинсы?;1
На вас что не одень все очень хорошо;0
И джинсы и кофта;0
Добрый день, джинсы - супер. Хочу.;1
👏👏;0
Добрый день,хочу такие джинсы как у Вас;1
В наличии есть такие или светлые?;1
Цена?;1
Здравствуйте. Производство чье?;1
Стильные и модные,,а почему никогда в вашей сетке нет 58 размера, все только 52-54?;1
как жаль что таких товаров нет на Ставрополье;0
Цена;1
Они маломерки ведь?;1
На вас какой размер брюк?;1
Добрый день! Это спорт? Спасибо!;1
Добрый день! Это спортивные брюки?;1
Ю;0
На вас какой размер?;1
Сколько стоит? 54 размер есть?;1
Хорошая,но цвет бы какой другой;1
Люблю все с карманами 😆😆😆;0
Хочу такие штанишки, где  и как заказать?;1
Все вещи классные демонстрируете. Жаль, что нет доставки в Казахстан.;0
А 58 есть?;1
Как заказать?;1
Добрый ночи. Отправляете ли в Татармтан?;1
Позади вас клетка 😮 можно обзор;0
Доброе утро а можно цену оплату а цвет только такой;1
"Здравствуйте!
А где Вы находитесь.
Может можно к Вам подъехать?";1
Цвет только белый?;1
Напишите , пожалуйста, в Вотсапе 89163815990;0
Можно промеры на 54 размер,спасибо.;1
Добрый день.48-50 р.есть;1
Добрый вечер. Подскажите пожалуйста цену и размеры пальто на заднем плане серое?;1
Можно узнать параметры на 58 размер?;1
Добрый вечер! Сколько такая куртка на беларусских руб как можно заказать на 56 размер;1
Здравствуйте, как можно купить и сколько стоит;1
Курточка очень классная, но неудобно расположены карманы.;0
🔥как стройнит;0
Добрый вечер! Как можно купить такую куртку? Я из я Петербурга;1
Здравствуйте хорошо 58 белая есть?;1
❤️;0
🔥;0
Відправляєте в Україну?;0
Супер!!!;0
Цену можно;1
🙌;0
Как можно заказать;1
Скажите полностью  образ на вас цена какая ?;1
Добрый вечер! На вас брюки или костюм  можно приобрести на 56 размер  и куртка трансформер на 56 размер можно и цена всего в беларусских;
Дд! Скажите пожалуйста, на вас брюки, это костюм ? Или можно отдельно приобрести ?;
Покажите куртку в верхнем ряду первая, цена и размер;
Производство.... пожалуйста;
👏👏;
❤️;
Как можна заказат такою карточку в Германию??;
АДРЕС МАГАЗИНА МОЖНО??;
Здр , в живую.это курточка в белом цвеье или в молочном ? Не большимерит ? Соотвествует своему размеру ?;
Як замовити?;
Добрый вечер,объясните как приобрести эту куртку,живу в Екатеринбурге?;
Какой объём куртки по груди и по бёдрам?;
Что за джинсы на Вас?красивые:);
Цена;
В каких расцветка?;
😍😍 hermosas 😍;
В другом цвете есть ?;
Цена?;
Добрый вечер. Какие рассветки есть?;
Добрий вечір,як можна замовити?;
Добрый вечер в Армению есть доставка ?;
56 размер есть? Цена;
Классная курточка !😍;
Отправте Бишкек;
Цена курточки?;
Здравствуйте. Есть размер 64?;
Покажите, пожалуйста, другие расцветки.;
54 есть в этом цвете? Цена;
Beautiful;
В Мелитополь есть доставка? И есть ли 52 размер?;
Здравствуйте в Беларусь есть у вас доставка.;
Здрааствуйте.А какие еще расцветки?;
Здравствуйте в Мариуполь есть доставка и цены в рублях, спасибо;
🔥🔥🔥;
Какая длина куртки? Идёт в размер? Какие ещё есть расцветки?;
В 56 размере есть и цена в беларусских руб и другие растветки;
Добрый день❤️Какие еще есть расцветки😍?;
Добрый день! 48-50 размер данной куртки есть;
Другая расцветка есть?;
Добрый день ! В Казахстан есть доставка?;
А цвет только такой?;
56 на какой рост ?;
❤️;
А джински такие есть?😍;
цена;
Beautiful;
👏;
Добрый день! Доставка в Казахстан есть и сколько стоит?;
Цвет только такой?;
Как сделать заказ?;
Обалденная куртка, как Незабудка👍👌;
Производство куртки?;
брюки очень хорошие;
Добрый вечер. Такая кофта на 50р есть в наличии?;
🔥🔥🔥🔥🔥🔥❤️❤️❤️❤️❤️❤️❤️;
Как заказать такие джинсы?;
Напишите пожалуйста, есть доставка до Молдовы?;
А что там за лимонно- горчичное чудо лежит?;
Добрый день ! А вы в Москву отправляете?;
Ой я хочу их;
Джинсы стрейтч?;
Здравствуйте, можно джинсы по подробнее, интересует пояс  и посадка;
🔥👏👏;
Доброе утро , джинсы огонь, какой обьем по бедрам у них;
Здравствуйте,а у вас штанишки,какие всегда на вас?;
А джемпер?;
Здравствуйте , они стреч?;
Цена;
❤️❤️❤️❤️❤️;
Heyyyy plz what did u get ur jumper?????;
46 р, цена 4950 р;
А есть черные?;
Здравствуйте, а штаны что весят самые первые в низу на манжете, какой разм  и цена ?;
а где этот магазин, какой город???;
Подскажите, пожалуйста, 46 размер на какой ОБ и О Т идёт?;
Здравствуйте сколько см объем бёдер;
48 размер на какой ОБ подходит ?;
Какая цена?;
Хочу купить;
Мне нужен 48;
За такую цену продолжайте сами носить очень рекомендую надолго хватит.!;
За такую цену продолжайте сами носить очень рекомендую надолго хватит.!;
Beautiful trousers;
Скажите, а есть такие которые на вас одеты 54 размер и цена;
Где купить ?;
Beautiful❤️;
🔥;
Юбка , цена ? Отличная ✊😄;
Не подскажете размер талии для 54 размера ?;
На самом интересном видео заканчивается 🤦‍♀️;
Шикарная юбочка🔥;
Хочу заказать себе такую юбку.ответьте,как сделать заказ;
Можно узнать сколько стоит юбка и свитер;
На  Вас так приятно смотреть,  я просто любуюсь и восхищаюсь!!!;
Lovely❤️;
Здравствуйте! Юбочка, какие ещё есть оттенки?;
Я бы хотела юбку заказать;
Красивый образ!;
А юбка самый большой размер в линейке подскажите?;
Юбка стройнит неожиданно;
Сколько будет стоить комплект?;
Доброй ночи! Я бы хотела заказать эту юбку и джемпер в голубом цвете;
Подскажите пожалуйста стоимость?;
Добрый день! Ношу 48-50, если закажу 48 и размер не подойдёт можно будет  заменить;
Супер👏👏👏;
Gorgeous❤️;
"Придраться можно ко всему.
Красота в глазах смотрящего😊🌸";
Надо прикрывать пах...придраться есть к чему;
Добрый день. А как чистить, только химчистка? Или стирка возможна?;
Какая цена .Есть на 46 размер?;
А какой размер на Вас? Чтобы понять сетку;
🔥;
Linda ropa donde venden;
Прикольная модель👌;
Красиво;
Скажите в беларусских руб и размер 56 можно;
Чье производство ?;
Beautiful❤️;
58р, это русский?, в наличии есть, и совпадает размер;
А в темном цвете есть?;
А вторая сторона как выглядит? Покажите пож- ста;
Супер🔥🔥🔥;
Какой размер и цена?;
Какие у вас вещи классные 😍😍;
Скажите пожалуйста куртка полноразмерная  мне нужен 54 размер или лучше взять 56?;
Paragon of beauty❤️;
Куда можно подъехать посмотр;
Добрый день, очень понравился свитшот, вы не могли ли померить обьем в груди.;
Вы куртку не подбрасывайте,а покажите как она выглядит;
Добрый день. У вас такие модели очень интересные. Доставка в Казахстан есть и оплата как?;
Куртка с какого размера?;
Куртку можно заказать? Примерьте пожалуйста на себя . Не видно какая она. Спасибо;
Хочу!!!;
Какие джинсы на вас 😍 есть такие в продаже ?;
Скажите, пожалуйста. В Беларусь вы отправляете. И платить вам как?;
Здравствуйте,  какой наполнитель в куртке?;
Здравствуйте у вас на вешалке висит вязаный светлый свитер с коротким рукавом, первый, можно цену;
Извините, но я не поняла  вы говорите одну цену а под описанием другая цена?!;
Waw beautiful woman;
Какой состав? Хлопок?;
Absolutely gorgeous❤️;
Напишыте цену;
👏👏👏;
Цена в белорусских,пожалуйста;
Адрес;
Только в одном цвете?;
Цена;
👏👏👏;
Original❤️;
А какой наполнитель?;
Как вам красиво с этим костюмом,в Казахстан как отправляете?;
Цена?;
Это универсальный размер?;
Цена?;
❤️🔥🔥;
По  Казахстану  доставка  есть  и  цена  какая;
Подлиней есть ?;
54 есть;
Lovely❤️;
размеры какие;
Белая 46 интересует;
52 есть;
Размер 54 интересует;
Как купить беленькую и есть 42 размер;
Здравствуйте 🤝 а есть 50 размер ?!;
Есть ещё;
Есть ещё;
54 56 есть можно измерить по груди сколько;
Как чистить белый мех на ней?;
Цена?;
Это искусственный мех?;
Какие размеры в наличии есть ?;
А сколько стоит?.;
😮😮😮;
Какие размеры в наличии?;
А 64 есть размер?;
Здравствуйте можно узнать цену и размер;
Здравствуйте, какие размеры имеются в наличии;
Добрый день можно узнать цены и размеры;
Размер подскажите, пожалуйста;
Какой размер дубленки;
Здравствуйте! Такие куртки есть ещё, в каком размере?;
А какие размеры остались?;
Можно цену и размеры?;
Это с Садовода товары ? Такие видела  на Садоводе;
Спортивные костюмы на весну на56 размер и цена;
Где вы находитесь;
А большие пришли?;
Доброе утро! Есть у вас магазин  в Москве?;
Цена спорт.. костюмов? Как посмотреть?;
Очень понравилась дубленка зеленая,вверху,цена и есть50-52розм.;
Хотелось бы увидеть сам классный костюм;
Покажите спортивные костюмы пожалуйста 🙂;
Здравствуйте. Сверху дубленка зеленая 50 размера есть?;
Ура!!!!!🔥;
А размеры костюмов пожалуйста!!! Нужен не меньше 58.;
Здравствуйте в 56 размере ог какой?;
Покажите спинку! Плохо видно курточку;
Другой цвет есть?;
56 остался ещё. Не видно там есть капюшон? Это зима ?;
Есть ли спортивные трикотажные костюмы;
Здравствуйте ! 46 раз большемерит ?;
С ума сойти, куртка ничем не Примечательна.;
Мне так нравится смотреть на вас🙂 нравится как вы демонстрируете одежду! Очень душевно!;
Есть ли доставка в казахстан;
А цену платья, которое на вас можно узнать?;
Мне нужен 56 размер. Очень хочется сразу преобрести спортивный костюм. Пожалуйста помогите с покупкой.;
Скажите пожалуйста, это зима?;
Подскажите что за утеплитель? Срочно нужна куртка;
Зима?;
Какой утеплитель?;
Добрый день. 46 размер размер в размер?;
Цвет только такой?;
Здравствуйте! На какой рост максимально?;
Доброе время суток! Напишите пожалуйста ваш телеграмм канал или вотцап на мою почту ostoyvz@mail.ru;
Добрый вечер. Укажите ссылку на TL канал, пожалуйста;
Очень приятно вас слушать, приятный голос. Когда вы показываете одежду у меня ощущение, что сейчас вы начнёте экскурсию по Эрмитажу.;
Телеграмм не открывается;
Можно ссылку на страницу;
Добрый вечер , какая цена набора , и что по доставки ?;
❤️🙌;
Здравствуйте в какую цену ваши масла  кремы?;
Есть ли такой 46 в светлых оттенках?;
Можно цену;
Здравствуйте какая ростовка этого костюма;
Здравствуйте! Какой у вас рост?😍;
Вещи все шикарные 🔥🔥🔥удачи Вам🔥;
Вам всё вещи так идут 🔥красивая такая😍;
Добрый день! В каком городе Ваш магазин.;
Здравствуйте у вас всё товары 💥💯;
Другие расцветки есть;
Fiyatı ne;
Костюм понравился! Хотела бы заказать, но есть ли возможность возврата, нсли не подойдет?;
Your clothes are of high quality, a follower from Algeria;
Можно заказать такую юбку и махеровый джемпер на 54 размер ? Как на Вас?;
🔥🔥🔥;
No one can be found, take me from Iran, let's work and live there;
С Новым годом!!!! Спасибо за вашу работу;
❤️;
"Новый год — веселья время,
Время радости, чудес,
Пусть забот исчезнет бремя!
Вам — лишь счастья до небес!
С Новым годом !🎄⛄️🎉🎊🎉🎊🎉🎊🎉";
С наступающим новым годом!!!;
Спасибо большое!!!очень приятно!!! И Вам ( каждой) отдельного счастья в Новом Году!!!;
Ирина и весь коллектив поздравляю с наступающим новым годом! Здоровья счастья удачи и процветания вам и вашему коллективу!!!❤️❤️❤️;
Когда во главе коллектива такой интеллигентный, душевный и очень ответственный руководитель как  Вы, Ирина, успех неминуем! Желаю Вам, Ирина, и всему коллективу здоровья, успехов в бизнесе и новых высот, мира и тепла в доме!❤️;
🔥🔥🔥👏👏👏🔥;
Да, очень красивые все! А хозяйка - сплошное обаяние! Привлекательная женщина!;
Красивый образ у хозяйки. Юбка кофта, сапожки, украшения🔥;
Ирина, какие Вы молодцы! Поздравляю вас и ваш коллектив с Наступающим Новым Годом! 🔥👋👍🙏;
С наступающим Новым годом! Ощущается любовь между вами в коллективе! Спасибо Вам Ирина Николаевна что Вы сплотили вокруг себя прекрасных людей! Всем всего наилучшего!;
С наступающим Новым годом 🌲❄❤;
Ирина Вы удивительная и команда Ваша классная!!!!! С наступающим новым новым!!!! Больших успехов и удачи.;
Поздравляю!!!! 😍😍😍;
Спасибо большое за новогоднее поздравление, очень приятно! А коллектив у вас замечательный , красивые лица!  И Вас всех хочется поздравить с наступающим НГ! Успехов вашему дружному коллективу! 👍👍👍🌲🌲🌲❄️❄️❄️🥰🥰🥰♥️♥️♥️;
С наступающим новым годом 🎄 всех благ вам всем! Процветания удачи!!❤️🙌;
С Новым годом весь ваш коллектив!!!;
Ирина поздравляю с новым годом!! Здоровья счастья успехов во всем!!!;
Ирина , поздравляю вас и ваш коллектив с  наступающим новым 2024годом! Всем здоровья! Успехов в вашем замечательном деле, на благо нас!!)🎉;
В Испанию доставка есть;
Цена?;
Цену можно;
Вещи🔥🔥🔥;
🔥🔥🔥🔥;
🔥🔥🔥🔥;
Прелесть. А можно заказать;
Цена?;
У вас дуже гарні речі.😍🔥;
Совет : прикрывайте пах.;
Чей производство;
Добрый день! А что за состав?;
А в Грузию посылается?;
Здравствуйте состав озвучте пожалуйста;
И как заказать;
Цена;
Здравствуйте, как можно заказать р- р хл? И сколько стоит?;
🔥🔥🔥;
Доброе утро! Как можно заказать?;
Здравствуйте🌺сколько стоит?есть магазин в Москве?;
Добрый день. Подскажите .Колючие ? Из какого материала?;
как сделать заказ?;
И состав ткани можно, пожалуйста?;
Добрый вечер, а размер от и до или строго определенный?;
Вам идёт светло-серый;
Классно. Как заказать;
А цвета какие , только пудра?;
Хочу 54 размер заказать;
😍😍😍😍какая прелесть;
🔥🔥;
Добрый день! Размер единый от 48 до 54? Или можно 50-52 заказать?;
"Полноразмерные? Хорошо тянуться? Мне нужен 54размер есть?
И цена?";
Джинсы цену напишите;
Нет.;
Почем белый свитшот;
Флис?;
Теплые?;
👏👏👏;
Мне очень нравится ваша страничка Скажите пожалуйста есть доставка в Азербайджан?;
Какие расцвета;
Здравствуйте сколько стоит. ?;
Здравствуйте, как заказать, размер 50-52?;
У вас очень приятный голос;
Добрый день! А подскажите,побольше нету размеров у Вас? У меня обьёмы ПОГ- 65 И ПОТ -65.;
Как красиво;
Çok güzel çeketini nereden bulabilirim;
Как заказать?;
Вам все идёт так красиво женщина прелесть❤️.;
Это цена за платье с жакетом?;
А цена какая;
46 р есть? Купить можно?;
Скажите пожалуйста цену;
Здравствуйте.В Северную Осетию высылаете?;
Цена?;
Скажите пожалуйста цену;
Какой город и как купить;
❤️❤️❤️❤️❤️respect russian;
Скажите пожалуйста, а вы высылаете заказы в грузию?;
Я хочу заказать такой, р 54;
Спасибо;
❤️❤️❤️;
Доброе утро! А размеры указаны российские?;
С праздником вас;
Спасибо большое было бы по быстрому;
В какой цене и в Молдове принимаите заказаты;
А скидки когда будут?;
Spasibo Paldies Internationale Gruppe FB;
Добрый день 54 -56 есть ?;
На какой хороший рост подойдут брючки?);
Bô v Estoniu toze otpravljajete?;
Цвета какие есть?;
Не понятен цвет? Коричневый?;
Здравствуйте. Можно длину внутреннего шва брюк и он в 54 р;
А чёрные есть;
Как заказать в Беларусь;
Эта цена фиолетовой куртки?;
"А у вас чудесное , теплое и уютное платье!
А о нем вы не говорите!";
Из какого города вы высылаете ?;
Zdrastvuyte, сделеньо в турчии?;
С удовольствием купила бы;
Суппер;
Можно цену;
Цена костюма;
Цена?;
Какая цена;
Здравствуйте!) Такие костюмы ещё есть у вас в 52 размере?;
Здравствуйте!! Есть еще? 🙂;
😍Фирма какая;
Добрый день, сколько стоит костюм?;
Здравствуйте, на рост 175 подойдет?;
А в город Баку можно заказать?;
Здравствуйте, вещи просто все замечательные, очень красивые. Я хочу платье, я вам написала в директиву , наверно будет очень дорого  я из Беларуси...;
Еще, 50 размер рус.?;
Здр.скажите,продано ли черное платье 50.р с белыми полосками по руко переду и по бокам.;
Здравствуйте  небывает  у вас велюр костюмов на объёмы грудь 135 ,бедра 140?;
А без капюшона есть;
А на молнии есть?;
Добрый вечер;
Костюм замечательный!!;
Как приятно вас смотреть! Хотелось многое заказать , но увы;
52 размер?;
А какие ОБ и ОГ ???;
Ваш товар очень мне нравиться;
Как можно заказать;
Состав какой?;
А на Вас какой размер? Или может есть размерная сетка, спасибо;
Можно доставить в РБ и какая цена?;
Добрый вечер ксть ли доставка в Азербайджан;
Есть размер L?;
Классная;
👏👏👏👏;
А где Вы находитесь?;
Здравствуйте,в Казахстан отправляете?;
Buna  de unde  putem cumpara sa fac  comanda;
Pret;
В Кыргызстан тоже доставки нет?;
Розмірна сітка;
"Добрый вечер 
В каком городе вы находитесь?";
Добрый день!А можно цену в беларуских рублях?;
Прекрасный трикотаж, но карманы все портят, они там никчему.;
Здравствуйте, подскажите, пожалуйста, а какие цвета есть, понравился костюм мне?;
Как долго доставляете в СПб  Я имею ввиду брюки;
А чёрный такой будет или платье связанное чёрное есть;
Как заказать в латвию?;
Цена?;
в Казахстан есть  достпвка;
👏👏👏;
❤️;
Все вещи шикарные, а женщина, которая делает рекламу очень, приятная 👏;
Enviam para Portugal. Obrigada;
все вещи обалденные;
Lovely jumper;
Добрый вечер! Вы в Москве?;
Очень нравится ваша лента!!! ❤️❤️❤️;
С наступающим Новым годом 🎊🎊🎊🥂;
🔥❤️❤️❤️🔥🔥🔥;
🌹;
А 48-50 есть в таком цвете?;
Хочу заказать ❤️;
Доброго времени суток! Размер 50-52 есть, доставка по РБ и цена в белорусских рублях, пожалуйста?;
Блузка как на вас , какая цена;
Здравствуйте подскажите пожалуйста сколько будет в тенге? 50 размер;
😍😍😍🔥🔥🔥🔥;
Хочу срочно 50 размер;
А в золоте есть 54-56 размер?;
Добрый день!А блузон большой размер есть?;
Отправляете наложенным платежом?;
Добрый день! А юбка есть?!;
Кофта не подходит, к этой юбке нужно что то по легче подобрать;
❤️🔥Вам очень идёт !Шикарно!;
Я вам за $20 пришлю🤣такую юбку;
Как же вам все подходит 🔥🔥;
Да, джемпер шикарный,если есть,то сколько стоит? Спасибо!;
А вот джемпер такого нет у вас ? ));
😮;
Цены 🔥 😂;
Beautiful shaped top;
Хочу черную;
Стоимость?;
Прелесть;
Beautiful;
На вас шикарно смотрится 🔥😍;
Какая красота. Сколько стоит?;
Muhteşem siniz;
Здравствуите какая цена;
Прелесть;
Скажите отдельно можно накитеу купить и стоимость?;
Добрый день.Скажите,пожалуйста есть ли 50 размер и как приобрести? Спасибо;
Shikarno👏👏;
Как же приятно вас смотреть и слушать!;
Как можно заказать;
Цэну на платье серебро с черным;
Здравствуйте живу в Казахстане Алматы!возможна ли пересылка?54 размер той модели платья и жакет из органзы??;
Вижу на стойке юбку из органзы леопардовую 🔥 . Сколько стоит?;
Очень красиво, празднично🔥;
Красота 🔥;
🔥🔥🔥🔥🔥🔥;
Есть у Вас 58 размер?  И как заказать?  Сколько стоит?;
Шикарная женщина;
🔥🔥🔥🔥🔥🔥😍;
Мне очень нравится!;
Πόσο την θελω;
Цена за юбку очень дорого;
Respect russian People very nice People,,,,❤️❤️❤️❤️❤️👏👏👏👏👏love yours;
Etek beden fiat;
Цена какая;
Здравствуйте. А сколько будет стоить в доллары? Спасибо;
Добрый вечер,а на 52 какая ширина пояса и бедер и длина юбки ?;
А можно и свитер и юбку;
Шикарно смотрится всё!🔥;
Юбочка не колется?? И 52 бедра;
Юбка не в моём стиле,а вот джемпер🔥;
Цена пажалуста;
❤️❤️;
Подскажите блузка на вас , какя цена ?;
Можно заказать чёрного цвета 54 размера;
Какая длина?;
Черная 54 есть в наличии?;
Где э вы раньше были? Осталось всего ничего пока  получишь и Новый год закончиться;
Какая прелесть товары у вас шикарные;
А в Беларусь;
А ростовка какая у них?;
Здраствуйте… в Молдавии есть доставка ?;
Какая цена светлых брюк?50.р?;
Девочки! Есть 58 размере? Спасибо!;
Здравствуйте, на какой рост?;
Как можно заказать вам вот такие брючки 52₽в г Майкоп и стоимость скажите!;
А какой состав? И как размер подобрать?;
Как сделать заказ? И что с ценами ?;
А есть шоколадный 52-54?;
Сп👏асибо;
Здравствуйте!В Казахстан отсылаете??????;
А где находится ваш магазин?;
У васхорошиеведино жаль что небольших размеров заказывайте;
Интересные у Вас вещички👏решите с доставкой в Казахстан;
Ответьте пожалуйста,есть ли доставка в Казахстан;
Здравствуйте а брюки размер в размер и как заказать?;
🔥❤️;
Здравствуйте, в  Москве где находитесь?Я хочу приехать, мне много чего нужно купить;
. Здравствуйте..в Казахстан  есть доставка?;
Здравствуйте, а как стирать такие плотные брюки, они не сядут?;
В телеге не нашла 😮обзор😢;
Хочу такие брюки;
Здравствуйте какая цена?;
Цена?;
А можна в Україну;
В Москву и какая цена 58 раз.;
Возможности доставка в Италия?;
Это искусственная?;
Возможна доставка в Польшу?;
Цена?;
Классная , красивая.🔥;
Цена? Размер?;
Цена;
Подскажите пожалуйста 48 размер ещё будет?;
👏👏👏👏👏🔥;
Cena;
Чудесная 👏👏👏;
Какой размер Вы меряете?;
Здравствуйте в чимкен доставка есть;
Для заказа пишите в вотсап:89163815990;
Добрый день. У вас на заднем плане шубка молочная, какие размеры и цена?;
Как купить?;
🧿🧿👍;
И ее цена;
Эта куртка черная последняя у вас есть?;
В наличии;
Показывайте спинку;
👏👏👏🔥;
Размеры и цена?;
Как купить юбочку;
Harika siniz;
Супер! Красотка!и наряд конечно тоже !🔥❤️;
Юбка класс.;
Юбочка 🔥👏;
Labdien ! Vēlos svārkus , fuksijas džemperi un grāfīta krāsā džemperi .Vai sūtat uz LV?;
Здраствуйте как можно закаэатб юбку;
Юбку хочу;
Добрый. Какая цена свитера?;
Lovely skirt;
Цены конские😮;
Я тоже обратила вниманиеина юбку, но ее не показали😮;
Здравствуйте ,как можно заказать юбку  в горошек Алматы раз юбки 48;
Сколько стоит? Есть размер 54 ?;
Сколько стоит для белорусов;
👏👏👏;
Скажите пожалуйста цену?;
Türkiye kargo varmı bunun fiyatı nedir;
❤️;
Где Ваш магазин находится? Хотела подъехать;
Добрый день можно узнать цену на эту модель и есть ли у вас размер 58;
Есть размер 48-50?;
Подскажите, пожалуйста, на какую температуру рассчитана?;
Сколько будет стоить в бел рублях? Размер 50-52 есть в наличии? Как заказать?;
😍😍😍😍😍;
Цена и размер;
250$;
Здравствуйте сколько стоит долларами скажите пожалуйста;
Spedite in Italia .Grazie;
Добрый день! А какие есть размеры и цена, пжлст! Спасибо!;
👏👏;
Цена;
Добрый вечер. До какого размера эта шубка? И цена?;
Если я закажу в течении какого время придет?;
Здравствуйте, у вас есть доставка в Казахстан?;
Цена;
Размер 54 мм есть ? И какая цена ?;
Цена шубки и есть ли 48-50 размер;
Как заказать,здравствуйте;
Здравствуйте, стирать её можно?;
цвет пудра;
Какие ещё есть цвета?;
Очень симпатичнач👏👏👏;
Добрый вечер, р-р 48 на какой сядит?;
Казахстан есть доставка;
какие цвета;
Добрый ночи .Как заказать ?Или к вам приехать ,я живу в Москве;
Есть фуксия?;
Состав ?;
Блин красота был-бы берж;
Здравствуйте! Какой состав изделия?;
Спасибо!;
Какая цена, размеры?;
Как заказать;
👏👏👏👏👏🔥❤️;
Ягодный фуксия интересует 50 размер.в наличии. Рукава какая длинна?;
Хочу такую юбку размер 46!Как сделать заказ;
Хочу такую юбку размер 46!Как сделать заказ;
Здравствуйте. Вы есть на валберес?;
Кофта цена;
🔥;
Добрый день.Свитер и юбку цену и размеры какие.А в Казахстан как отправляете почтой или?;
Добрый день! Подскадите цену свитера? И размер единый?;
Хочу серый свитер и юбку леопард! Как заказать???;
А цена свитера?;
привет! 4950р сколько в  тенге,скажите пожалуйста,ответьте 🙏🙏;
Как заказать юбку?;
Как заказать свитер? Сдэк отправить;
Костюм L есть? Цена?;
Скажите пожалуйста,L какой размер?;
Как можно сделать заказ??;
Размер L  ещё есть?;
Где можно купить? Ваш адрес?;
Здравствуйте, на какой рост размер М светлых брюк? Как заказать?;
Добрый! На вас очень красивый спортивный костюм. Есть такой в наличии?;
А как можно заказать?.;
Маркировка М. Светлые. Цена.;
Цена брюк;
Как можно заказать;
L размер потемнее брюки сколько стоят?;
Какой у вас рост ?;
У меня не получаеться вацап ,может вы поможете;
Цена;
Добрый вечер! L брючки есть?;
Bello marrone  come faccio  x ordinare;
Come  ordino;
Цена;
Скажите пожалуйста цену;
Доставка в Испанию есть;
Чье производство ?;
Здравствуйте,доставка в Армению есть?;
Большие размеры в наличии?;
Kak mojno;
А 58 есть?;
Здравствуйте в Казахстан как заказать?;
Kako mogu da se naruce i cena.;
Можна розмірну сітку, ціна;
Добрый вечер ! Размер 50-52 интересует!;
50 размер есть? Сколько стоит?;
napishite pojalusta vash tel nomer kak s vami svezatsa;
Классные какие!!! А примерка возможна?;
Цена?;
Ценник какой,мне 54 надо;
48-50?;
Можно померять длину брюк в см.;
Напишите пожалуйста длину брюк, желательно по внутреннему шву.;
А где это;
Ценыыыыы;
Цена и размер;
Скажите, платье  тянется  по ширине, есть ли в составе  ткани  эластан?;
Этот цвет ещё есть ?;
Çok güzel siniz;
Цена?;
Qual o tecido da jaqueta?;
🔥;
Доброе утро Я из Беларуссии какая цена и как с доставкой Благодарю;
Доброе утро Я из Беларуссии можно узнать цену и ка купить Благодарю;
А как осуществляется доставка;
Добрый день! А есть такое только ы черном цвете?;
Цена жакета из органзы?;
Шикарное платье.🔥;
درود;
Fino a che taglia questo vestito;
Wow you are very nice and lovely ❤️❤️❤️❤️❤️;
Красиво! ❤️;
😮😮😮😮😮😮😮😮;
Suuper,🍌💦💦💦💦;
Доброе утро мой дорогой как дела;
🔥;
Baby;
Hi;
La abertura del  vestido era por adelante para que enseñarás tus hermosas piernas;
جوووووون;
❤️❤️❤️;
👏👏👏;
Em çok sevdiğim Kadın modeli topuklu ayakkabı ve olgun bayan;
❤️❤️❤️🔥 tu m'a pas laissé le choix entre la belle femme et la jolie robe !!;
Bu;
Смелая🔥;
😍😍😍😍😍😍;
Cavannigin yaman olub haa;
❤️❤️❤️❤️;
Très belle femme 🔥🔥🔥;
😮😮😮;
Я хотел бы быть твоим другом;
Wonderful. 👏👏👏👏👏👏🌺;
Как заказать;
Добрый вечер;
Цена?;
Есть ли у вас большие размеры, 60,+;
Добрый день!;
На вас какой размер?;
Здравствуйте.  В Азербайджан доставка есть?;
Здравствуйте.Я из Белоруссии Можно заказать такой  костюм в 54 м размере,и как это сделать.;
А почему вы боком не поворачиваетесь? Хочется увидеть э от костюм  сбоку.;
РАЗМЕР РОССИЯ?;
Чье производство?;
"Вы обаятельная и очень приятная женщина!
Обязательно приеду кивкам в магазин за покупками 😍❤️";
Здравствуйте. Чье производство костюма?;
Здравствуйте, на какой рост костюм?;
Подскажите, какие есть размеры данного костюма;
Здравствуйте.  Какая цена;
А в Питер с доставкой ск.будет,и за ск.дней выполняется доставка;
И цена чудесная;
Чудесный костюм 👏👏👏;
А в Москве у вас нет шоу-рума?;
А состав какой?;
Mой размер  красивый;
😮;
Цена?48-50 есть;
Здравствуйте  какая  цена;
Классный костюм!;
🔥❤️🔥🔥🔥🔥🔥;
Добрый вечер ! Можно заказать на 52 размер такой костюм 🌟🌟🌟;
👍👍👍;
Добрый день,скажите пожалуйста есть бежевый или молочный оттенок?;
Добрый вечер, состав из чистой шерсти ? Спасибо!;
Как заказать;
Очень👏👏👏;
Здравствуйте, цена по тенге сколько будет по Казахстану;
Скажите пожалуйста какой город и адрес Вашего магазина? Спасибо;
Здравствуйте!;
Цена и размер футболки;
Хочу фудболку;
Казахстан есть доставка👏;
Цена и размеры футболки?;
На Вас брючки , есть такие?;
Есть доставка в Азербайджан?;
Здравствуйте есть доставка в Ташкент;
Доставка в Якутск есть?;
Доставка в Казакстан;
Здравствуйте,а в Израиль есть отправка???;
Красивая вещь а цену можно узнать?;
Где можно  купить такую футболку;
54 раз есть;
Здравствуйте, цена курск?;
Цена вопроса?;
Buluzun fiyatı ne kadar;
Подскажите пожалуйста цену .;
Подскажите пожалуйста цену .;
Как заказать?;
Здравствуйте, а 42 размер есть?;
Москву есть доставка? Цена в какую?;
Доброго времени суток! В Якутию доставка есть?;
Хочу живу в Казахстане;
У вас супер вкус Доставка в Бишкек есть?;
Здравствуйте ,можно цену ,по россии;
Как сделать заказ на 54 размер? Можно состав ткани?;
На валдберис вас нет?;
Цена;
Цена;
Как заказать ??? Махачкала! Можно цену.;
Цена?;
Здравствуй в Армению есть доставка? в Ереван;
А будут эти платья у вас в повторе ?;
Ответте за черное платье в крепе.;
50 размер на какой ОГ ?;
Здравствуйте а есть чёрное платье 52 размер?;
Рост 160 как длинна?;
Здр.черное платье с белой полосай в наличии обьем груди 108 бедра 108.;
Доставка есть;
Чье производство платья;
Здравствуйте! А в каком вы городе?;
Вы отвечаете????? На вопрос;
Очень  нравиться  платье чёрное  с белой отделкой  но рост у меня  160 см- боюсь не подойдёт;
Как у вас заказывать вещи?;
Я бы с удовольствием купила но до Узбекистана наверное отправки нет.;
А покажите пожалуйста платье, в котором вы?;
Здравствуйте. Плать которое на Вас есть в продаже и какая цена?;
Замечательное платье👏;
عندكم توصيل  للعراق;
Мне к вам надо🙈. Закупиться;
А на ОГ 120 подойдет?;
"Что за интересное кольцо у Вас на правой руке?
Платишки славные, реально!
Жаль, что вы далеко.";
🔥🔥❤️❤️;
Цена комплекта размер 52 есть?;
Buenos días tardes y noche amigos seguidores y los que ven mi contenido en YouTube instegram facebok y tiktok feliz noche semana y fin de año nos hablamos el otro año los quiero mucho gracias por su apoyo aprecio y estimación triunfos y bendiciones para ti y toda tu familia gracias por existir en la vida 🌹 te mereces todo lo mejor para siempre para ti y todos los tuyos si quieres seguirme en tiktok andrescuadra1 y en mi canal de Youtube estoy como oscarmarroguin1124 sería un honor para mí  ser tu amigo gracias ❤️;
А где сам магазин? Спасибо;
Вы в Москве?;
Добрый вечер;
Как пошло😮;
Как вы отправляете в Казахстан?;
Какие жуткие наряды!;
Доставка в Москву есть?;
Как юбку можно заказать;
Можно заказать юбку и свитер;
Цена кофточки;
Есть кофточка в цвете Айвори;
Цена юбки и кофты? Условия доставки?;
Здраствуйте, доставка имеется в узбекистан;
Здравствуйте. Хочу такую юбку. Как можно заказать?;
Добрый вечер!Можно кофту малиновую?50 размер;
Размер юбки и кофты?;
Cena;
Добрый день .Подскажите дубленочка двухсторонняя с зелеными рукавами есть еще в наличии????;
здравствуйте, на Казахстан работаете?;
🔥🔥🔥;
С удовольствием взяла бы эту кофточку и юбку;
Добрый вечер! У меня ОГ -115 см. Мне подойдет эта кофта. К сожалению, приехать к Вам не смогла. Вы очень далеко находитесь.;
Цена комплекта;
Доставка в Кыргызстан возможно?;
Какая красота! Можно заказать в Новосибирск? 48-50 размер;
❤️;
Я , чтобы не просила у этой приятной женщины всегда были отказы. Обидно !;
Кофта на вас?;
Вы так залипалелно говорите , я по сто раз смотрю и слушаю. Спасибо;
Где вы находитесь?;
Какие цвета ещё есть?;
Как купить эту мохеровую кофточку?;
Когда в Казахстане увидим ваши товары?;
Здравствуйте. Какие ещё цвета есть?;
Добрый вечер ! Кофта такая размер 54, есть?;
Пожалуйста добавьте в ассортимент одежду 44,46 размеров. 😍;
На вас одета такая же кофточка ?;
Заказайт куда;
Здравствуйте, заказать можно?;
Добрый вечер, какие еще цвета? Очень люблю вещи с шестью и коротким рукавом;
Вы настолько приятная женщина! Так мне нравится смотреть на Вас! Всего Вам самого наилучшего и хороших продаж!!;
Здравствуйте!;
Бедра 120 пройдут?;
"Ну как же Вы мне симпатичны!
Любуюсь Вашей статью, дивными ножками в красивых туфельках и нежным тембром голоса!
 Демонстрация - это уже отдельная😍 история";
ma dove si trovano????;
Ира, здравствуйте. Шубка прелесть , а есть на 58 -60 что то подобное?;
В наши -40 не сдюжит )) замерзнем;
Размер;
Напишите,пожалуйста,адрес,где вы находитесь,хотим к вам приехать;
Доброе утро. На какой рост эта шубка?;
Страна;
Цена странная;
Здравствуйте . 52  имеется в наличии ?;
Тянется ли ткань, есть ли эластан?;
Вы изумительны, образ праздничный и нежный 😍😍;
У вас доставка есть? Пояс юбки на резинки?;
🔥👏;
🔥🔥🔥;
Добрый день,как купить у вас юбку 54 р мы из бреста .;
А сколько стоит кофточка и где вы находитесь, цена кофточки;
48-50;
Цена и 50 размер р?;
👏👏👏;
🔥🔥🔥🔥;
Какой наряд шикарный! 👏👏👏;
Есть отправка в Израиль;
Кофточка цена;
🔥🔥🔥🔥как красиво!!!! Хотя у вас некрасивого не бывает❤️;
Здравствуйте, цену кофты пожалуйста;
❤️👏;
Кофта в каких размерах и цена.;
Юбка🔥;
🔥🔥🔥🔥🔥🔥🔥🔥;
🔥🔥🔥;
Супер!🔥🔥🔥🔥🔥;
Закажите на wb разница даже через экран очевидна🤗;
Здравствуйте. Можно длину юбки?;
Скажите пожалуйста, у вас есть большие размеры юбок, брюк и платья 58,60;
Здравствуйте, а чуть больше 54 есть размеры?;
Подскажите, пожалуйста, как приобрести кофточку, которая на вас?;
Какая вы элегантная женщина.;
И какие цвета юбок;
Доброе утро! На Вас какой размер юбки?;
Кофта красивая,как можно заказать?;
А джемпер?;
Очень Вам идет! А вот если на НГ эту юбочку то верх какой есть?;
А кофта такая есть ? Сколько стоит ?;
Как всегда супер ! 😊❤️❤️👍👍👍👍;
Мне очень интересна кофта.Цена, размер.;
Здравствуйте. А какие есть цвета юбок?;
И что они будут делать с этой статуей? Дома поставят?;
❤️;
Какая красивая❤️;
Цена;
Здравствуйте, а сколько стоит?;
Цена;
🔥;
Цена?;
Яка цена;
Здравствуйте! 52 - 54  есть?;
Какие есть размеры самые большие;
Если Москва напишите пожал как вас найти;
В каком вы городе?;
Большемерки?;
Здраствуйте! Сколько шубка стоит ?максим. РАЗМЕР?;
Добрый вечер!;
👏🔥❤️❤️❤️;
И это цена на 52;
Цена;
Здравствуйте, в Грузию присылаете?;
А цена?;
Здравствуйте , куртка ещё есть?;
Скажите пожалуйста, вы в Великобританию можете выслать покупку?;
Добрый! А мех какой на капюшоне ?;
🔥;
Только с 52 размера? Ношу 50;
А как его стирать;
Здравствуйте, какая цена;
Цена;
Есть в наличии 48 размер и цена;
Шикарная дама, только на подиум;
58р есть этого платья?;
Bună ziua! Mai aveți rochițe din astea? Ms;
Платье в наличии? Можно заказать;
А цена?;
Какая вы красивая!и платье тоже!👍🤗;
👏👏👏🔥;
Скажите пожалуйста какой размер на вас ?;
А мне ваша стрижка нравится;
Очень красивые вещи!;
Wow! Шикарное 👏;
Какая прелесть;
А какой размер на модели?;
Веши производства чей ?;
Для беларуси можно?;
Как их стирать?;
Здравствуйте! 46 р есть ?;
Я мерила подобную была тяжёлая,а ваша?;
🔥🔥🔥❤️;
Можно приехать к вам за покупками в Орехово-Зуево?));
В черном цвете есть такие шубки🌺🌺🌺;
А какой температурный режим ???;
Хочу!!!!;
Клёвая;
Где вы находитесь?;
Bonjour vous faites la livraison en france??;
А 54 размер есть у Вас? Хочу такую шубку;
😍;
Вы откуда?, цена в белорусских рублях?;
Здравствуйте есть отправка в Израиль;
Доставка  в Казахстан г.Семей есть?;
шубки 🔥,только чистить в химчистках пока не научились. мне испортили;
Ну почему же меньше размера нет😢;
Как заказать товар? Хочу брюки из альпаки, подойдут ли на 54 размер и рост 176?;
"«A386 КАРГО»
🇨🇳Китай➡️ 🇷🇺 Россия/🇰🇿 Казахстан/🇧🇾 Беларусь/🇰🇬 Киргизстан 
🚀Экспресс доставка: 2-3 дня
✈️Авиа : 8-10дней
🚗Ускоренная доставка :15-18 дней
🚛 Обычная доставка : 20-25 дней
🚂Ж/Д : 35-40 дней
✅Сроки
✅Безопасность
✅Страхование груза
✅Скидки
📞WeChat, WhatsApp:
+8615801118827
🇨🇳中国– 🇷🇺俄罗斯/🇰🇿哈萨克斯坦/🇧🇾白俄罗斯/🇰🇬吉尔吉斯坦
🚀快递：2-3天。 
✈️空运：8-10天。
🚗特快：15-18天。
🚛普快：20-25天。
🚂集装箱：35-40天";
❤️👏👏👏👏👏👏;
Цена;
В Беларусь если есть 48р к рождеству;
А 48 р есть;
Шубка такая замечательная девочки, буду носить вторую зиму.😍😍😍😍;
Новый Уренгой.;
Здравствуйте мне жубка понравилось 😊 а можно заказать?;
А почему 70 размера нет?(((;
Шубка хорошая;
Как заказать;
В Минске?;
Здравствуйте 🤝 А в Беларуси вы есть. Такие хорошие вещи продаете;
А как стирать эти вещи? Или химчистка;
В Казахстан отправляете ?;
Здравствуйте. В Белорусских сколько стоит?;
Precio;
Цена и адрес;
Цена;
А вы на 44размер  я смотрю не возите;
🔥;
🔥;
👏👏👏;
🔥;
❤️🔥🔥🔥🔥;
Ціна цікавить;
Vreau si eu un pret va rog!!;
А что у вас за брючки?;
Цена;
50 размер;
Цена?;
Cat costă  în roni ( lei romanesti)?;
Ce preț are?;
Цена размер;
Здравствуйте цена куртки можно узнать;
Будьте добры, скажите пожалуйста, в Москве есть ваш магазин и по какому адресу! Спасибо! ❤️;
❤️ А не могли сказать ваши размеры, чтобы лучше ориентироваться;
Цена куртки. Спасибо;
❤️;
Цена и наличие 50 размер?;
😍😍😍😍😍;
Цена;
Отличная куртка для автоледи с теплыми вязаными брючками в самый раз🔥;
А 46 размер? Очень нравится 😍;
Ціна;
a b litvy mozno zakazat;
Если была бы подлиннее.;
🔥🔥🔥🔥🔥🔥❤️;
🔥;
Чей производство рост 176 и размер 50 размер падайдёт;
48 размер есть в наличии и цена?;
Se pot comanda?;
❤️❤️❤️❤️❤️❤️🔥🔥🔥🔥🔥🔥🔥🔥l love you;
Как заказать этот пуховик 50 размер?;
Роскошное пальто .🔥;
Покажите застеганным до конца, пожалуйста. И со спины, и когда капюшон на голове;
Ціна;
Красота ! Супер !👏👏👏👏👏❤️;
Очень красивые ножки, идеальные;
Ноги красивые;
❤️❤️❤️❤️❤️❤️❤️❤️🔥🔥🔥🔥🔥🔥🔥🔥l love you;
Добрый вечер, какие размеры доступны?;
У вас ножки на столько красивые что я не могу смотреть на что то другое. Вам крепкого здоровья и долгих лет жизни. Вы самая настоящая МОДЕЛЬ. ❤️;
здравствуйте..можете отправить в Ташкент;
Фигура 🔥платье подчеркнуло красоту👏👏👏;
Rogor gamoviwero;
Здравствуйте. А босоножек нет таких ?;
Вы такая хорошенькая! Все сидит отлично! Всей команде продвижения, крепкого здоровья!🔥🔥🔥❤️;
Приятная женщина!🔥;
У вас фигура классная.поэтому и сидит классно...;
Ыенан;
Сколько стоит?;
Здравствуйте. Можно цену;
Вид сзади по круче;
Вам платья идут больше брюк, ноги идеальные;
Вам очень идет;
Здравствуйте, какая цена, размер. 48 есть?;
Ирина Николаевна это платьице мне нравится. Приду мерить;
Можно заказатьПараметры я скидывала Вам;
👏;
👏👏👏👏🔥;
❤️❤️;
54 есть?;
Шикарное🔥;
42beden varmı;
Fiyat bilgisi alabilir miyim lütfen;
У вас ноги шикарные;
Такой приятный человек;
👏🔥, вам в этом платье 18. Очень красиво на Вас.;
Девочки 48, 50 еще остались?;
Хочу такое😊;
Цена?;
А сзади как оно выглядит?;
Стрейч?;
Здравствуйте на вас какой размер?;
"@e_motuzova_ Мы с радостью ответим вам на все вопросы в нашем WhatsApp и Telegram ♥️

WhatsApp: https://wa.me/79163815990 
Telegram: https://t.me/PichuginaIrina";
Какая длина платья?;
Зелененькое бы;
Здравствуйте. 54 размер какие параметры платья? Спасибо;
❤️🙌❤️;
Подскажите, 54 рр в наличии?;
How Much is it?;
🔥🔥🔥;
🔥🔥как заказать платье?;
Очень красивое!🔥;
🔥;
В каком городе вы находитесь?;
54р есть?;
Сколько стоит ?;
А какой на вас размер?;
Красиво;
Скажите доставка в Оренбург ваших вещей с курьером сколько стоит?;
Какая прекрасная модель демонстрирует платье!;
Шикарное платье;
Хочу такое платье;
👏;
Что за ткань?;
🔥🔥🔥🔥;
Что за ткань?;
Шикарно🔥;
Красота;
На вас какой размер?;
Обьемы 54 скиньте пожалуйста;
Давно смотрю ваш контент: п л а т ь е - ваш конек‼️Носите платья‼️;
Я вам столько пишу;
А почему вы не отвечаете 😢?????????!!;
Цена завышена.;
На кого рассчитаны эти цены???;
Добрый день. Как заказать в 54 размере?Делаете доставку?;
Очень красивое, стильное платье 😍;
очень красивое платье;
Какой размер платья?;
Здравствуйте ! В г Улан -Удэ отправить возможно и сроки ? Спасибо !;
Добрый вечер! Я могу заказать такое платье?;
Такое платье только чёрного цвета??;
Очень красивое платье 👗;
48  размер есть;
Здравствуйте. Можно 54 раз.заказать;
Здравствуйте, скажите в Wb вы есть?;
Скажите, пожалуйста есть ли ваш магазин в Wb?;
😍🔥;
Максимальный размер?;
🔥;
Здравствуйте , а вы в Москве  находитесь ?;
Подскажите, пожалуйста, а 62 российский размер есть?;
Здравствуйте! Размер 50, напишите параметры!;
Как можно сделать заказ?;
48- на какой ОБ?;
54 турецкий размер;
Тёплые?;
Как можно заказать такие брючки 52₽ в Адыгею,г.Майкоп;
В Баку не отправляете?;
52 размер РФ можно заказать?;
Здравствуйте! Можно заказать в Сургут размер 52?;
В казахстан можно? На рост 1.80см?;
Здравсвуйте. Можно приобрести в Монголии;
Добрый день, 54р есть?;
🔥🔥🔥;
Здравствуйте я Украина можно мне купить;
Доставка в Кыргызстан Бишкек  есть, Как можно заказать....;
Написала вам в воцап…вы неуловимы )));
В Казахстан не отправляете;
Хотелось бы узнать на какой рост;
hardan almaqvolar;
Какой рост брюк, мне нужна полная длина.  На рост 175.;
В Воронеже есть ваш магазин??;
Доброе утро! Мои параметры рост-178, талия 115, ОБ- 125. ДЛИНА БРЮК?;
как найти вас в Орехово ,как доехать  если свом ходом?;
Рост какои;
Можно фото на модели;
На какой рост?;
Здравствуйте а в Казахстан можно;
Здравствуйте! А свитер как на вас одет есть в наличии?;
Здраствуйте, будьте добры брючки 54 раз кофточка , шоколадный цвет, сколько стоит? Спасибо;
Цена?;
Добрый день, брюки шоколад 54 размер есть в наличии;
Здравствуйте. А в Азербайджан есть доставка?;
Скажите пожалуйста, 52 размер есть и цена?;
🔥🔥🔥;
Добрый день. У Вас есть шоурум в Москве??;
Цена можно;
Вот мне нравится фасон брюк как на вас белый.Хотела бы приобрести такие черные.Можно зимние или летние🙏;
Цену можно ?????;
Доброе утро) скажи в шоколадном цвете есть 48р?);
🔥В Казахстан можно;
Производства чья;
Висит  на тремпеле на вешалка?;
Можно белую куртку посмотреть;
Брюки светлые на Вас, есть разм. 50?;
Хочу заказать 48-50?;
Добрый день. У Вас есть шоурум?;
Здравствуйте, покажите кардиганы;
Казакстан заказ есть;
Цена брюки трикотаж;
Здравствуйте скажите в казахстан есть доставка;
Покажите бежевый , пожалуйста;
Цена какая брюки и ковты;
В молочном цвете есть 54?;
Подскажите самый большой размер черного и фуксия? И размерную сетку можно?;
День добрый! В Иркутскую область заказ отправите?;
Цена;
Как заказать?;
Какие есть размеры? Какая стоимость?;
+;
Черный джемпер, размер и цена?;
Здравствуйте! А как можно заказать кофточку?;
А есть 48 размер?;
Цена;
Напишите пожалуйста мерки 54 свитера;
В каком городе вы находитесь? Есть магазин в Москве?;
Здравствуйте, напишите цену кофточки 50 размер;
Сколько стоит голубая?;
Здравствуйте очень теплые вещи а на Грецию можно как с Вами связаться;
❤️;
Здравствуйте. А возможно сделать замер свитера с бахромой 54 размера;
Добрый вечер. Цена, размер?;
Добрый вечер,весь Казахстан ищет такие кофточки,высылаете,54,р,черный цв,?;
Цена кофточки;
Здравствуйте  в Казахстан  присылаете ?;
Здравствуйте, в Казахстан присылаете?;
Рост напишите;
54 размер русский или Турецкий?;
На вас костюм есть в наличии?50 размер;
Salam Bakiya çatdirma varmi;
Как можно заказать;
Как можно заказать ❤️;
Как сделать заказ?;
Скажите пож-та на какой рост брюки?;
🙌kako poručiti gde;
Как заказать в Москву?;
Отправьте пожалуйста сайт ,как можно заказать?;
В 54р какой объем бедер?;
Как заказать брюкив Алматы.;
Брюки как заказать;
Елошка;
Как заказать;
Брюки плошка Корея;
Как заказать;
Как можно заказать;
Супер 🔥;
🔥🔥;
Калай заказ беруге болады;
Как заказать в Минск?;
Как заказать в Ростов?;
Как заказать;
56??;
Как заказать блузку?;
Как заказать свитер р52.?;
Здравствуйте, есть в наличии такой блузон и юбка?;
здравствуйте, какие еще цвета и состав;
Здравствуйте!сколько свитер стоит?;
Здравствуйте Подскажите есть в наличии блузон;
Почему не отвечаете на запросы? Как у вас купить понравившийся товар????;
Здравствуйте!Как купить такую юбку?Только подписалась на Вас.Как заказать и где купить?;
Здравствуйте как заказать;
каком городе вы находитесь?;
Юбка сколько стойть;
Здравствуйте,в каком городе вы находитесь?;
Сколько будет стоить такой комплект, юбка плюс свитер??;
Как можна заказат?;
Как сделать заказ в Москву ?;
Где и как купить?;
Это вы в Ташкенте находитесь;
Наверное уже нет в наличии 52, 54 размера?;
Если в Казахстан можно отправить, то как с вами рассчитываться;
"Подскажите пожалуйста есть ли в наличии брюки ""ёлочка"" на 50 размер?";
На Алеекспрессе 15$ 🔥👏;
Супер!!!!;
Можно цену брюк?;
Город?;
Где находится;
+++;
Скажите состав пожалуйста;
Есть в наличии 48 размер в елочку;
На рост 175 -176 коротковато будет?;
Здравствуйте 🤝 есть ли у вас 50 размер ?! Серые;
Здравствуйте!Хотела бы приобрести у вас брюки серые на объём бедер 112.Как это сделать?;
"Добрый вечер!
Белые брюки 50-52 есть в наличии?";
Kak mojno zakazat?;
Здравствуйте подскажите пожалуйста цену.;
Цена? Пак можно купить?;
В Казахстан есть доставка;
50 размер ёлочка серая . Цена и доставка в Казахстан по казпочта возможен?;
Цена этих брюнетки?;
Beautiful trousers;
Как можно заказать такие брючки теплые мнеXl,в Майкоп,Адыгея-можно?;
Здравствуйте,  в Казахстане  есть точка продаж?;
Можно заказ ?;
Здравствуйте! Цену можно?;
Здравствуйте, на какой рост эти брюки? И если они будут длинные, можно ли их обрезать? Но думаю вряд ли🤔;
Скажите пожалуйста, длину брюк на какой рост? Спасибо.;
Здравствуйте, как заказать такие брюки?;
Добрый вечер! Подскажите, что у вас в цвете лео на заднем плане?🙏🌹;
Производитель?;
Fiyatı nekadar nasıl alabiliriz;
Очень хочу такие светлые брюки. У меня рост 174, 52 размер;
Шикарные брючки но я слишком далеко;
😢;
Есть на 50 раз ?;
Хочу такие брюки на 52 размер;
Цена,50 размер есть в наличии?;
Куда можно поехать помереть;
Супер! Вот бы 62й тоже сделали!!!;
Жалко, что нет размеров больше;
Состав и рост, пожалуйста;
Брюки такие хочу;
Добрый вечер ,есть ли доставка в Казахстан ,условия доставки;
Ваш размер M.Как максимум.;
А где Вы находитесь территориально? Что можно было померить изделия.;
На вас это платье очень хорошо смотрится только туфли нужны другие;
Здравствуйте, цена;
Какие сильные у вас вещи просто супер 🔥🔥🔥;
🔥;
❤️;
Добрый вечер. Цена 48 размер?;
Цена? 52 размер российский есть?;
Здравствуйте зади у вас висят дубленка коричневая в какую;
Платье красивое,а бижутерия есть  в продаже? Очень гармонирует с платьем.;
🔥🔥🔥;
Напишите пожалуйста,вы в каком городе вас можно найти.;
Платье ещё есть?;
Здравствуйте,подскажите пожалуйста размер 48 есть?не большимерит?;
Как заказать это платье ?;
здравствуйте , скажите подалуйста,в Туркменистан вы отправляете?;
Какая цена?;
Хочу купить, есть в наличии??;
Куплю 54 р;
Я хочу;
Цена?;
Добрый вечер вкус у вас обалденный;
Доброй ночи а есть 50 размер черного велюрового платья и цена;
Очень даже!!!;
Здравствуйте! Платье есть на 52 размер;
Цена , размер пожалйста;
Шикарное 🔥;
А в Казахстан есть доставка?;
Здравствуйте ! Размер 48 , рост 170, бархатное черное платье . Кто производитель ? Можно дл рукава ?;
Можно, купить это платье;
А можно без на тяга ОБ у 56р;
Какая цена?;
Красиво смотрится;
Цена, и отправка в Беларусь возможна;
Цену пожалуйста;
А есть футболка такая ?;
Сколько стоит юбка?;
Размер и уен напишите;
Здравствуйте напишите пожалуйста если увас юбка с кофтой;
Цена?спасибо;
Как заказать?;
Здравствуйте 48 юбка и 46 футболка есть и цену можно;
Цена?;
Казахстан доставка есть;
Размер и цена?;
А почему никогда не называете состав ткани? Он написан на бирке?;
Цена юбки?;
Цена и размер;
Цена? Размеры юбки и кофточки?;
Цена?;
🔥Kak zacazati v België;
Максимальный размер? И цена? Условия заказа;
Размеры какие и цена;
Цена и размер?;
Скажите цену юбки;
Здравствуйте как заказать такую юбочку в Казахстан? И цену скажите;
Добрый день! А футболочка такая максимальеый размер какой;
Размеры и цена ?;
Размеры и цена?;
Юбка цена м размеры;
Wauuu❤️❤️❤️❤️;
Цена;
Добрый вечер ,есть юбка в наличии;
В наличии образ?;
Цена и размеры???;
Футболка сколько стоит;
👏;
Добрый вечер, подскажите юбка доступна к заказу?;
Добрый день, юбка ещё есть в наличии, и кофта которая на модели?;
Подскажите пожалуйста размер и цену юбки;
Размер футболки?;
Бедра 108,остался размер?;
Здравствуйте, в Казахстан доставка есть?;
В Казахстан есть доставка;
А как заказать юбку;
А мне ваши туфельки понравились;
Какая у Вас фигура🔥;
Цена юбки?;
Здравствуйте. А какие размеры таких футболок, как на вас?;
Озвучьте стоимость юбки плиз;
🔥❤️❤️❤️🔥;
А можно узнать стоимость вашей футболки ? И есть ли в наличии ..;
Футболки такие есть в наличии : размеры и цена?;
Сливочное масло цвет;
В наличии?;
Нравится!Можно в другом цвете показать?розовый?;
Можно 56 размер;
Оплаты сразу или можно частями?;
Есть в другом цвете?;
Какая красота!;
👏👏👏👏👏👏👏;
❤️❤️❤️❤️❤️❤️❤️❤️;
👏👏👏👏👏👏;
Оооо какая красота;
👏👏👏👏;
Цвет называется -сливочный, очень актуальный в этом сезоне 🙌;
И длина;
В 56р можно замеры груди и бедер;
Здравствуйте! Цена?;
Цвет шампанского;
Цена, спасибо.;
Цену скажите пожалуйста;
Добрый вечер! Можно узнать, где территориально вы находитесь?;
Цена? Наполнитель?;
Добрый день  а в Минск отправляете?;
Цена размер?;
Вы заказы отправляете только по России;
Ай вари;
Цена?;
Добрый день. Лиса отстёгивается ? Какой уход ? Стирка разрешена или только химчистка ?;
Еще есть в продаже эта куртка?? Спасибо большое;
Что за брюки прекрасные? Можно приобрести такие?;
Цена;
Цена, размер?;
Хочу куртку и брюки как на Вас как с вами связаться?;
@black_fox_iriina_pichugina цена куртки?;
Цена?;
Подскажите как на вас штаны в какую цену?;
Не ну очень объемная....;
Спасибо вам шикарные вещи👏🔥!!!;
Можно цену пожалуйста;
Цена?;
Цену пожалуйста;
Цена ?;
56  размер  в  наличии ?;
Цены конечно нет ) наверное сложно сказать на видио цену.;
Добрый день хочу заказать пуховик скажите пожалуйста цвета есть разные или в одном цвете и как с отправкой размер 56;
Какая цена?;
Цена;
В Казахстан есть доставка?;
@black_fox_iriina_pichugina цена?есть 46р?;
Добрый день, цену подскажите пожалуйста;
Доброе утро!В чёрном цвете?Цену пожалуйста напишите !;
Добрый день, а есть меньше размеры?;
Цена;
Здравствуйте,какие размеры и цена ?;
Стоимость товара? Спасибо;
Здравствуйте! Подскажите пожалуйста где ваш магазин находится?;
Куртка 🔥;
Здравствуйте. Цвет только один?;
Весь садовод в этих куртках;
А какой это бренд?;
где можно примерить;
как купить;
о все нашла;
какой самый большой размер;
цена;
Цену можно узнать.;
Цена;
В Баку есть доставка?;
Ой,как хочу ее!!!Уже прямо иду в ней!!👍👍👍👍можно мне на 52?Какой цвет имеется?;
Сколько стоит;
Размер 56 есть ??;
Цена куртки?;
Добрый вечер! Скажите пожалуйста какая цена?;
Здравствуйте. А куртка 48 размера есть?;
Цена,  размер ?;
Вы в Москве находитесь ??;
Добрый день! Подскажите цену?;
А вы где находитесь?;
Цена?;
Скажите цену?;
Такая приятная женщина, а голос каксй прелесть❤️❤️❤️❤️❤️❤️;
Вау,а есть и56?;
Скажите цену;
Где находится магазин;
Город?;
Где вы находитесь?;
Цена? Условия заказа?;
Зачем говорите Корея это не корейский свитер;
Что за материал?;
Добрый вечер. Только в этом цвете?;
Все у вас отличное благародное❤️;
5550 блузон, под видео подрисано, вы что читать не умеете😂;
Хочу🔥;
,сколько такая кофта?;
Кофта красивая;
Больших размеров нет?;
Можно заказать три кофты?;
Сколько стоит кофточка цвета графит,и как заказать?;
Цена размер джемпера;
Цена юбки и кофты?;
Добрый день!;
Как вам заказать кофту 58;
Здравствуйте ! Сколько стоит юбка ?;
Скажите пожалуйста, размерный ряд до какого размера?;
В Азербайджан есть доставка?;
😱😱😱😱;
Здравствуйте нужен Белый цвет кофточки;
Что совсем описание не читаете,все цены указаны в описании же;
Цена юбки е есть 52 размер?;
Добрый вечер вы можете Бишкек отправить;
Кому нибудь ответили цену на кофту и юбку , напишите пож .;
Цена юбки;
Здравствуйте.Сколько стоит юбка и кофта графит;
❤️❤️❤️❤️🙌🙌🙌🔥🔥🔥;
Как заказать зелёную кофточку размер 48-50?;
Цена;
Добрый день.54 р есть?;
Подскажите , 48 есть размер ?;
Цена? 46 размер есть?;
Здравствуйте. Подскажите, а есть такие брюки на 42-44 размер ?;
Как заказат сколка ждат внутри мех;
Здраствуйте размер на размер или маламерка;
Скажите пожалуйста,размер 46 бывает у вас,?Хочу брючки такие!;
Здравствуйте!;
На 58 подойти могут?;
В кыргызстан сколько будет цена;
Хочу;
Здравствуйте ! У вас есть доставка в Казахстан;
Такие брюки есть 56 размер?;
Есть в наличии 60-62 размер????? Почему не привозите;
Здравствуйте, а доставка в кыргызстан  бишкек возможна?;
Э;
Есть такие 44р?;
Есть в наличии 58-60 размер ?;
Здравствуйте!!54 размер. сколько см бедра?;
Здравствуйте, как заказать.;
54, это сколько см по бедрам??;
Добрый день, жду от Вас фото пуховика! Никто не отвечает!! Реальный покупатель!!;
Добрый день ! А что есть 56 размер;
Цена черных брючек?;
У нас на рынке прям такие за 3500р;
Вы одевали на себя;
Какая цена?;
Хочу такие белые брюки 🔥🔥🔥;
Можно заказ ??;
Как сделать заказ?;
@zhanna_naum По любым вопросам можете обратиться к нам в WhatsApp или Телеграм. Все ссылки есть в шапке профиля ♥️;
Размер 46 есть? Какой обпьем в бедрах пожалуйста?;
А как получить их в Москве, есть доставка?;
В Беларусь отсылаете?;
Здравствуйте. У вас есть отправка в Караганду? Казахстан. И цена в тенге?;
А как можно узнать подробнее ? Что бы с размером не прогадать;
В Казахстан есть доставка?;
44р есть?;
Ціна?;
Сколько стоят эти брюки?;
Как можно у вас заказать 54 размер? Живу в электростали.;
Абсолютно они вам не великоваты. Но, вам очень идёт 🔥🔥🔥;
Нет на 54 не подойтут;
Какая вы приятная женщина 🌸;
И не великоваты совсем😂,, что то в бедре прям карман сильно выделяется;
Можно узнать ваши параметры?;
А что за состав?;
Здравствуйте, а к ним есть верх какой нибудь?;
Большие размеры будут?;
Beautiful;
здраствуйте можно цену узнать;
В черном цвете есть такие?;
Отправьте в Казахстан;
Сколько стоит?;
Размеры 58-60 вы не возите?;
Доставка в Казахстан есть?;
Цена?;
А у вас ростовка только 158/164 ? 172/176 нет?;
Цена, пожалуйста, 50р;
Супер 👍 хочу 😮;
На вас всё  так красиво что мне так остро захотелось похудеть  до вашего размера.;
В Махачкалу присылайте, чёрное у нас любят);
🔥🔥🔥🔥😍Супер но дорого😮;
Девочки! Сезон 2024 года цвет черный👍;
Вам очень идут платья🔥;
А цены какие!? Просто ужас!;
Очень нежное но чёрное по моему?;
Красивые платья, но цвета одни черные😢;
Добрый день. 54 размер есть?;
Здравствуйте, 52 р есть в наличии?;
Ножки модельные, супер, с тонкой щиколоткой!! Завидуем молча.....;
Ціна;
И платье конечно-же!!!🔥;
Какие у Вас красивые ножки!!!😍👏;
Жаль, что не подружились в платье. Платье красивое.;
ножки бесподобные🔥!!!;
Цена?;
🔥, дорого богато;
Коротковато! И рукав не очень. Ну на мой взгляд.;
Здравствуйте.Какая цена?;
Ноги красивые;
Где можно купить;
Очень короткое для женщин в возрасте;
Скажите цену;
Подскажите пожалуйста 50₽?;
Bayıldımm😍;
Цена?;
Доброе утро, очень бы хотелось ещё состав ткани в каждой модели.;
🔥А можно цену узнать;
+;
Длина изделия какая , скажите;
Да на такой красивой фигуре всё хорошо будет сидеть!👏👏👏;
У вас красивые ножки!;
Здравствуйте  цена пожалуйста скажите;
Добрый вечер. А 58,60 есть что то;
Добрый день. Где находитесь  в Казахстане или? Можно адрес и где можно купить;
Есть ли такое платье в размере М?;
Какая же вы замечательная!;
Супер ❤️ , Вы прекрасны🙌🙌🙌🙌🙌🙌;
Есть 50 размер в наличии?;
Добрый вечер! На 52 размер, есть такое платье?;
Здравствуйте а какие размеры есть;
А какой размер на Вас?🤩;
👏👏;
Здравствуйте. А какой размер платья сейчас на вас?;
Размер и цена;
Beautiful dresd;
А есть платья,, костюмы светлого цвета?;
И такой хочу;
кофта какие размеры;
кофта какой состав;
Как вы классно подобрали образ ❤️;
Как можно заказать кремовый комплект;
Свитер в каком размере? И стоимость пожалуйста.;
О боже, я наконец-то вас нашла!);
Какой размер у модели?;
Как заказать блузку ?;
Ширина блузона по нижнему КРАЮ?;
А можно узнать ваши параметры , чтобы лучше понимать как сядет вещь на меня );
Какой максимальный размер ?;
Как заказать данный джемпер и какие условия;
Сколько стоит такая юбочка;
Как с Вами связаться можно?;
Здравствуйте как заказать юбку;
Здравствуйте! На 56-58 этот образ подойдёт?;
👏;
В  каком городе?;
Здравствуйте , в каком городе это красота?;
Круто ,очень👏;
Здравствуйте! В Казахстан отправляете?;
❤️;
Хочу заказать такой комплект ! В Ташкент  вы отправляете ?;
Что за цены у вас ?;
Я сама такую юбку сошью;
Ну какие пайетки на 54?????такие юбки максимум на S;
Какой у Вас шикарный Вкус🔥🔥🔥🔥;
Добрый день. Хочу заказать такой комплект;
Güzel değil ki;
А в Шымкенте есть ваш филиал?;
Здравствуйте!;
Дороговато, тк вещи очень простые;
А как заказать?;
Look 👏👏👏👏;
Hilfe 😮;
Есть еще в наличии данная юбка 50-52 размера и блузон ?;
What shop pls;
😂😂😂;
Огонь и юбка и кофта 🔥;
Не фига себе размерчик;
Блузон какой фирмы ? Состав ?;
Добрый день. В Москву отправляете?;
Как заказать ?;
Добрый вечер! А в каком вы городе?;
😍;
Как у вас с доставкой?;
🔥🔥🔥;
Шикарный образ👏👏👏;
Здравствуйте Можно длину изделия узнать?;
Сколько стоит доставка есть;
Скажите пожалуйста есть юбка золотая;
Раньше было сказали, что бесформенная фигура получилась, а сейчас мода такая...;
А юбочка?;
Добрый вечер,в Ирландию отправляете?;
Есть.в наличие такая блузкаь50 р?;
Блузка еще осталась?;
54 это турецкий размер ?;
Здравствуйте,  а можете отправить фотографии этого платья на модели, какие ещё есть цвета?;
👏;
😍😍😍😍❤️;
👏👏;
Добрый вечер, а в Ташкент у вас есть доставка?;
Как заказать весь комплект 50 размер;
Добрый вечер скажите пожалуйста Вы в Польшу высылаете посылки. Очень красивое платье. Спасибо за ответ.;
Где вы ноходитесь;
56 р  есть?;
Да на вас все платья смотрися отлично;
Цена? Размер 48;
Добрый день! Скажите пожалуйста цену этого платья;
👏👏;
Добрый вечер! Если на 50?;
Цену напишите;
😍😍👏👏;
У вас кто нибудь отвечает хоть в телеграмм,хоть в инсте?Зачем тогда сайт создавать!;
Вам все идёт , очень красиво!!!!;
Есть в наличии на 50?;
Подскажите пожалуйста какой рост у модели?;
Добрый вечер. Как можно заказать платье? Нужен размер 42-54.;
Вы такая красивая женщина вам все идёт.;
Цена;
А 46 размер?;
Как можно приобрести?;
Цена;
Платье супер;
Добрый вечер! А на вас, это какой размер? Спасибо.;
Джемпер есть такой ? Хл ?;
Добрый день 😃 54 размер есть)? И как можно заказать)?;
Здравствуйте 🌹а верх есть в наличии?;
❤️;
Очень приятный голос.;
Доставка Казахстан есть юбка празн;
Отправка по почте?;
Lovely top;
Дастовка  казахстан есть;
Цена Космос;
💣👍;
Ой,хочу!Помогите купить мне!Отзовитесь!🙏🙏🙏🙏;
🔥;
Цена? И как купить размер 48-50;
Извините, но на Вас как то не смотрится.;
Цена размерный ряд?🌺;
Хочу;
Цена;
Я бы одела❤️;
На Вас в чёрном какой размер?;
Вам идет;
Цена можно ?;
А что цены такие высокие? Ее что всю жизнь носить?;
Производитель?;
А цвета какие ?;
Извините 58 размер , как она не маломерки;
Доброй ночи, ск пожалуйста, а ещё есть 56 размер такой куртки;
есть ли 50 размер и цена какая будет?;
Доставка в Узбекистан есть?;
Доброе утро! Максимальный размер какой и цена?;
Красота😍;
Здравствуйте, а у вас на мои ОБ-146, ОТ-135, ОГ-126 на рост 160 есть возможность купить что нибудь? Имею ввиду верхняя и штаны.;
Есть ли в наличии? Можно заказать,;
Здравствуйте, есть ещё в наличии 52 размер?;
Здравствуйте,можно померить в Москве?;
Какой на ваши параметры размер;
Сколько стоит;
У меня такого плана куртка,очень неудобно застёгивать молнию.;
Неудобно застегивать молнию мех будет поподать;
А можно цену узнать?;
Здравствуйте.Цвета,какие ещё есть?;
Можно узнать размеры?;
А без меха можно носить?;
Везде уже скидки на зимнюю одежду. А тут бешеные цены. Золотая что-ли куртка?;
🔥;
Супер неудобная куртка при застегивании. Мех попадает в молнию;
Добрый день,на 50 разм,цена?;
А на вас какая размер?;
Так хочу у вас заказ сделать, но живу за границей;
Цена;
Есть такое светлое? Какой наполнитель ? Цена?;
Сколько стоит?;
В Израиль 🇮🇱 есть доставка?;
У меня есть такая, фиолетовая, платила 170 евро, 4 года назад. Супер вещь!;
Цена?;
Очень красиво, в Беларусь высылаете , какая цена?;
Здравствуйте, у Вас есть доставка с примеркой в другой город?;
В куртах с воротниками смотрится богата;
Красивая;
@black_fox_iriina_pichugina цена?;
62 есть размер;
Give me one;
Сколко стоит?;
Добрый день,на размер 56 ,и как заказать в Алматы?;
Ну да на большие размеры и надо такие уродство сшить . Они ведь все равно купят от того что другого выбора нет. 😂;
Такие ещё носят?😢;
Цена в бел . руб?;
🤦‍♀️🤦‍♀️🤦‍♀️🤦‍♀️;
Сколько стоит;
Я хочу 54;
Я хочу такое платье. Но у меня объём груди 150.;
Сколько стоит такое платье?;
Доброе.;
У меня было такое, очень комфортное;
Есть в наличии;
Супер;
Самое большое хочу на ог 142,цена?;
❤️🙌🔥👏👏❤️❤️❤️;
Их 48 размера нет  я ищу это платье;
Какие размеры? 62 есть?;
Есть в наличии черное платье? 56 размер?;
Можно размнрную сетку?;
58 60раз есть?;
Добрый вечер,в Казахстан можно заказать?;
Максимальный размер какой?;
Добрый день! А есть в черном цвете?;
Состав, трикотаж?;
Очень стильно❤️;
үнэ;
💣👍;
А цена?;
Скажите пожалуйста как заказать?;
А какой у вас рост?;
Вам срочно нужно открыть бутик в Москве !!!;
Жду в вацапе ответ.;
А где вы находитесь в каком городе;
Сколько стоит?;
Скажите пожалуйста принимаете ли вы заказы с США;
Как оформить заказ в Казахстан?;
Д. В, а есть ещё такие шубки 46р.;
В Казахстан отправляете;
Цена 60 размер.;
На Какую температуру рассчитана шубка;
В РБ отправляете?;
Хочу куплю только как;
Здравствуйте,только такой цвет ?;
Здравствуйте в Беларусь отправляетн;
Какие цвета 58-60и цена спасибо;
shuba belaia s karicnevimi pugavicami skolko stoit;
Цена?;
Цена;
Zdravstvuite;
Ношу с удовольствием - легкая, теплая, стильная!!!;
Цену можно узнать?;
60размер ОГ?;
Здравствуйте 😊скажите , есть в наличии джемпер?;
Юбочка какой размер? Единый?;
Такая приятная женщина 🤗🤗🤗;
Юбка цена?;
Цена джемпер?;
Еще такие юбочки есть?;
Cum pot cumpăra și eu?;
Яка ціна куртки і чи е чорна;
Полосатый джемпер, который на вас есть в продаже и цена?;
А вы каких цветах еще есть куртки?;
Здравствуйте. А подскажите пожалуйста размеры и стоимость зеленой дубленки с белым , которая на заднем плане висит ?;
Здравствуйте можно уточнить бывают ли 42 размера ?;
Какая цена и размеры?;
В казахстан есть доставка;
Добрый день;
Как заказать в Казахстан;
Как можно заказать худи?;
Брюки коричневые и вот эта кофта размер 54-56;
Можно узнать что стоит, Добрый день!;
54 есть ,? Цена ? РБ Гродно;
На Вас свитер тоже подойдёт сколько стоит?;
Здравствуйте я магу заказать 50 раз. И сколько стоит шоколадный цвет?;
Pntolonu nerden aldınız rica etsem;
В Москву можно;
Ціна;
В Кыргызстан можно заказать?;
Здравствуйте. Цена брюк кор микров;
Цена 52 надо🙌;
Здравствуйте! Есть сейчас в наличии 54 р ? И цена?;
Вельветовые брюки хочу 52разм есть в наличии;
Здравствуйте у Вас доставка есть в татарстан?;
Коричневый, 50 размер есть?;
Prețul;
Як заказати;
Price;
Завтра еду к вам!😍;
Во Владикавказ есть доставка.54 раз.и цену пожалуйста.;
Раз50 👌жду ответа;
Там прямо у вас курточка белая висит!!! Она в какую цену;
А вы высылаете в другие города?;
Добрый вечер, Скажите пожалуйста как можно заказать товар?;
Цена костюма;
Здравствуйте.Как заказать в Беларуссию;
Вы в каком городе;
Очень  понравилась.;
Есть ли в наличие такая юбка на данный момент? Размер 54.;
Это вы красивая❤️;
У вас у самой фигура хорошая, вам все идет;
Длинные есть юбки?;
А как можно свитер заказать?;
Добрый день! Была юбка в горошек! Ее цена и на какой рост идёт?;
Здравствуйте какой у вас рост , чтоб понимать как будут сидеть вещи и размер?;
Какая красота!;
48 размер - полномерный или маломерит!???;
Цена?;
Подскажите пожалуйста, чьё производство этой шубки и как определить свой размер?;
Добрый день.А в Беларусь отправляете?;
Размер 52 есть цена?;
Скажите пожалуйста, возможно заказать это изделие? Ещё не раскупили?;
Здравствуйте. Цена? 50р есть;
Цена?;
Здравствуйте а только в таком цвете эта красота и какая длина?;
Доброе утро. Размер 52 размер есть? Цена? Как можно купить;
Fiyat ne;
Подскажите пожалуйста стоимость?;
Добрый день, подскажите температурный режим и наличие р.42;
Цена ?;
Цена;
48размер сколько в объеме?;
На 54 размер нет таких пальто?;
Добрый день. В Беларусь отправляете?;